<?xml version="1.0" encoding="UTF-8"?>
<project-private xmlns="http://www.netbeans.org/ns/project-private/1">
    <editor-bookmarks xmlns="http://www.netbeans.org/ns/editor-bookmarks/2" lastBookmarkId="0"/>
    <open-files xmlns="http://www.netbeans.org/ns/projectui-open-files/2">
        <group>
            <file>file:/C:/Users/craig/OneDrive/Documents/NetBeansProjects/TeamProjectSaveCare/src/teamprojectsavecare/HospitalUser.java</file>
            <file>file:/C:/Users/craig/OneDrive/Documents/NetBeansProjects/TeamProjectSaveCare/src/teamprojectsavecare/Patient.java</file>
            <file>file:/C:/Users/craig/OneDrive/Documents/NetBeansProjects/TeamProjectSaveCare/src/teamprojectsavecare/Appointment.java</file>
            <file>file:/C:/Users/craig/OneDrive/Documents/NetBeansProjects/TeamProjectSaveCare/src/teamprojectsavecare/MedicationPrescribed.java</file>
            <file>file:/C:/Users/craig/OneDrive/Documents/NetBeansProjects/TeamProjectSaveCare/src/teamprojectsavecare/ExtractDoctorData.java</file>
            <file>file:/C:/Users/craig/OneDrive/Documents/NetBeansProjects/TeamProjectSaveCare/src/teamprojectsavecare/TeamProjectSaveCare.java</file>
            <file>file:/C:/Users/craig/OneDrive/Documents/NetBeansProjects/TeamProjectSaveCare/src/teamprojectsavecare/User.java</file>
            <file>file:/C:/Users/craig/OneDrive/Documents/NetBeansProjects/TeamProjectSaveCare/src/teamprojectsavecare/Clinic.java</file>
            <file>file:/C:/Users/craig/OneDrive/Documents/NetBeansProjects/TeamProjectSaveCare/src/teamprojectsavecare/MatrixToImageWriter.java</file>
            <file>file:/C:/Users/craig/OneDrive/Documents/NetBeansProjects/TeamProjectSaveCare/src/teamprojectsavecare/Doctor.java</file>
            <file>file:/C:/Users/craig/OneDrive/Documents/NetBeansProjects/TeamProjectSaveCare/src/teamprojectsavecare/SaveCareGUI.java</file>
            <file>file:/C:/Users/craig/OneDrive/Documents/NetBeansProjects/TeamProjectSaveCare/src/teamprojectsavecare/LocalSQLiteDatabase.java</file>
        </group>
    </open-files>
</project-private>
